<?xml version="1.0" encoding="UTF-8"?>
<!DOCTYPE mapper
  PUBLIC "-//mybatis.org//DTD Mapper 3.0//EN"
  "http://mybatis.org/dtd/mybatis-3-mapper.dtd">
<mapper namespace="com.example.CartOrder.dao.CartDAO">


	<select id="typeSearch" parameterType="Integer" resultType="com.example.CartOrder.dto.ArrayOptCdDTO">
			SELECT
				    TB_OPTION_TYPE.TY_CD "tyCd"
				    ,TB_OPTION.OPT_CD "optCd"
				    ,TB_OPTION.OPT_NM "optNm"
			FROM
   					TB_OPTION_TYPE
			INNER JOIN
    				TB_OPTION ON TB_OPTION_TYPE.TY_CD = TB_OPTION.TY_CD
			INNER JOIN
    				TB_ITEM ON TB_OPTION_TYPE.IT_CD = TB_ITEM.IT_CD
			INNER JOIN
    				TB_CART ON TB_ITEM.IT_CD = TB_CART.IT_CD
			WHERE
   					TB_CART.CART_CD = #{cartCd}
	</select>

	<!-- 수정안해도 됨 완벽해 -->
	<select id="cartList" parameterType="String" resultType="com.example.CartOrder.dto.CartConfirmDTO">
		SELECT
				TB_CART.CART_CD "cartCd"
				,TB_ITEM.IT_CD "itCd"
				,TB_ITEM.IT_NM "itNm"
				,TB_ITEM.IMG_CD "imgCd"
				,TB_ITEM.PRICE "price"
				,TB_CART.AMOUNT "amount"
				,TB_CART.MB_ID "mbId"
                ,TB_OPTION.OPT_CD "optCd"
                ,TB_OPTION.OPT_NM "optNm"
		FROM
				TB_CART TB_CART
		INNER JOIN
				TB_ITEM TB_ITEM ON
				TB_CART.IT_CD = TB_ITEM.IT_CD
		INNER JOIN
				TB_OPTION TB_OPTION ON
				TB_CART.OPT_CD = TB_OPTION.OPT_CD
       WHERE
       			MB_ID = #{mbId}
	</select>
	<!--여기서부터는 완료  -->
			<insert id="cartAdd" parameterType="com.example.CartOrder.dto.CartDTO">
				INSERT INTO TB_CART
					(
					CART_CD
					,IT_CD
					,MB_ID
					,AMOUNT
					,OPT_CD
					)
					VALUES
					(
					TB_CART_SEQ.NEXTVAL
					,#{itCd}
					,#{mbId}
					,#{amount}
					,#{optCd}
					)
			</insert>

			<delete id="cartDelete" parameterType="int">
					DELETE FROM TB_CART
					WHERE
					CART_CD = #{CART_CD}
			</delete>

			<delete id="checkDelete" parameterType="int">
					DELETE FROM TB_CART
					WHERE
					CART_CD = #{CART_CD}
			</delete>

			<update id="amountUpdate" parameterType="com.example.CartOrder.dto.AmountUpdateDTO">
					UPDATE TB_CART
					SET
					AMOUNT = #{amount}
					WHERE
					MB_ID = #{mbId}
					AND
					CART_CD = #{cartCd}
			</update>

			<update id="specUpdate" parameterType="com.example.CartOrder.dto.SpecUpdateDTO">
				UPDATE TB_CART
				SET
				OPT_CD=#{optCd}
				WHERE
				MB_ID=#{mbId}
				AND
				CART_CD = #{cartCd}
			</update>




</mapper>