<?xml version="1.0" encoding="UTF-8"?>
<!DOCTYPE mapper
  PUBLIC "-//mybatis.org//DTD Mapper 3.0//EN"
  "http://mybatis.org/dtd/mybatis-3-mapper.dtd">
<mapper namespace="com.example.member.dao.MemberDAO">
	<insert id="memberAdd" parameterType="com.example.member.dto.MemberDTO">
     INSERT INTO TB_MEMBER(
     	MB_ID
     	, PW
     	, NM
     	, POST
     	, ADDR1
     	, ADDR2
     	, TEL1
     	, TEL2
     	, TEL3
     	, EMAIL1
     	, EMAIL2
     ) VALUES ( 
     	#{mbId}
     	, #{pw}
     	, #{nm}
     	, #{post}
     	, #{addr1}
     	, #{addr2}
     	, #{tel1}
     	, #{tel2}
     	, #{tel3}
     	, #{email1}
     	, #{email2}
     )
   </insert>
   
   
   <select id="idCheck" parameterType="string" resultType="Integer">
   	  SELECT 
   	  		COUNT(*)
   	  FROM TB_MEMBER
   	  WHERE MB_ID = #{mbId}
   </select>
   
   
   
   
   
   <select id="mypage" parameterType="string" resultType="com.example.member.dto.MemberDTO">
	  SELECT 
		  	MB_ID as mbId
		  	, PW
		  	, NM
		  	, POST
		  	, ADDR1
		  	, ADDR2
		  	, TEL1
		  	, TEL2
		  	, TEL3
		  	, EMAIL1
		  	, EMAIL2
      FROM TB_MEMBER
      WHERE MB_ID = #{mbId}
	</select>
	
	<select id="login" parameterType="LoginDTO" resultType="com.example.member.dto.MemberDTO">
	  SELECT 
	  		MB_ID as mbId
	  		, PW as pw
	  		, NM
	  		, POST
	  		, ADDR1
	  		, ADDR2
	  		, TEL1
	  		, TEL2
	  		, TEL3
	  		, EMAIL1
	  		, EMAIL2
      FROM TB_MEMBER
      WHERE MB_ID = #{mbId} AND PW = #{pw}
		
	</select>
	
	<update id="memberUpdate" parameterType="com.example.member.dto.MemberDTO">
		UPDATE TB_MEMBER
		SET
			PW = #{pw}
			, NM = #{nm}
			, POST = #{post}
			, ADDR1 = #{addr1}
			, ADDR2 = #{addr2}
			, TEL1 = #{tel1}
			, TEL2 = #{tel2}
			, TEL3 = #{tel3}
			, EMAIL1 = #{email1}
			, EMAIL2 = #{email2}
		WHERE MB_ID = #{mbId}

	</update>
	
</mapper>