<?xml version="1.0" encoding="UTF-8"?>
<!DOCTYPE mapper
  PUBLIC "-//mybatis.org//DTD Mapper 3.0//EN"
  "http://mybatis.org/dtd/mybatis-3-mapper.dtd">
<mapper namespace="com.example.Item.dao.OptionTypeDAO">
	<select id="selectTyCd" resultType="int">
		SELECT 
			TB_OPTION_TYPE_SEQ.NEXTVAL
		FROM DUAL
	</select>
	<insert id="insertOptionType" parameterType="com.example.Item.dto.OptionTypeDTO">
		INSERT INTO TB_OPTION_TYPE(
			TY_CD
			, IT_CD
			, TY_NM
		) VALUES (
			TB_OPTION_TYPE_SEQ.NEXTVAL
			, #{itCd}
			, #{tyNm}
		)
		<selectKey keyProperty="tyCd" resultType="int">
			SELECT 
				TB_OPTION_TYPE_SEQ.CURRVAL
			FROM DUAL
		</selectKey>
	</insert>
	
	<select id="selectType" parameterType="int" resultType="com.example.Item.dto.TypeDTO">
		SELECT 
			TY_CD as tyCd
			, TY_NM as tyNm
		FROM TB_OPTION_TYPE
		WHERE
			IT_CD = #{itCd}
	</select>
	<delete id="deleteType" parameterType="int">
		DELETE
		FROM 
			TB_OPTION_TYPE
		WHERE
			TY_CD = #{tyCd}
	</delete>

</mapper>